,0
0,Barguna-1
1,Barguna-2
2,Patuakhali-1
3,Patuakhali-2
4,Patuakhali-3
5,Patuakhali-4
6,Bhola-1
7,Bhola-2
8,Bhola-3
9,Bhola-4
10,Barisal-1
11,Barisal-2
12,Barisal-3
13,Barisal-4
14,Barisal-5
15,Barisal-6
16,Jhalakathi-1
17,Jhalakathi-2
18,Pirojpur-1
19,Pirojpur-2
20,Pirojpur-3
21,Brahmanbaria-1
22,Brahmanbaria-2
23,Brahmanbaria-3
24,Brahmanbaria-4
25,Brahmanbaria-5
26,Brahmanbaria-6
27,Comilla-1
28,Comilla-2
29,Comilla-3
30,Comilla-4
31,Comilla-5
32,Comilla-6
33,Comilla-7
34,Comilla-8
35,Comilla-9
36,Comilla-10
37,Comilla-11
38,Chandpur-1
39,Chandpur-2
40,Chandpur-3
41,Chandpur-4
42,Chandpur-5
43,Feni-1
44,Feni-2
45,Feni-3
46,Noakhali-1
47,Noakhali-2
48,Noakhali-3
49,Noakhali-4
50,Noakhali-5
51,Noakhali-6
52,Lakshmipur-1
53,Lakshmipur-2
54,Lakshmipur-3
55,Lakshmipur-4
56,Chittagong-1
57,Chittagong-2
58,Chittagong-3
59,Chittagong-4
60,Chittagong-5
61,Chittagong-6
62,Chittagong-7
63,Chittagong-8
64,Chittagong-9
65,Chittagong-10
66,Chittagong-11
67,Chittagong-12
68,Chittagong-13
69,Chittagong-14
70,Chittagong-15
71,Chittagong-16
72,Cox's Bazar-1
73,Cox's Bazar-2
74,Cox's Bazar-3
75,Cox's Bazar-4
76,Khagrachari
77,Rangamati
78,Bandarban
79,Tangail-1
80,Tangail-2
81,Tangail-3
82,Tangail-4
83,Tangail-5
84,Tangail-6
85,Tangail-7
86,Tangail-8
87,Kishoreganj-1
88,Kishoreganj-2
89,Kishoreganj-3
90,Kishoreganj-4
91,KIshoreganj-5
92,Kishoreganj-6
93,Manikganj-1
94,Manikganj-2
95,Manikganj-3
96,Munshiganj-1
97,Munshiganj-2
98,Munshiganj-3
99,Dhaka-1
100,Dhaka-2
101,Dhaka-3
102,Dhaka-4
103,Dhaka-5
104,Dhaka-6
105,Dhaka-7
106,Dhaka-8
107,Dhaka-9
108,Dhaka-10
109,Dhaka-11
110,Dhaka-12
111,Dhaka-13
112,Dhaka-14
113,Dhaka-15
114,Dhaka-16
115,Dhaka-17
116,Dhaka-18
117,Dhaka-19
118,Dhaka-20
119,Gazipur-1
120,Gazipur-2
121,Gazipur-3
122,Gazipur-4
123,Gazipur-5
124,Narsingdi-1
125,Narsingdi-2
126,Narsingdi-3
127,Narsingdi-4
128,Narsingdi-5
129,Narayanganj-1
130,Narayanganj-2
131,Narayanganj-3
132,Narayanganj-4
133,Narayanganj-5
134,Rajbari-1
135,Rajbari-2
136,Faridpur-1
137,Faridpur-2
138,Faridpur-3
139,Faridpur-4
140,Gopalganj-1
141,Gopalganj-2
142,Gopalganj-3
143,Madaripur-1
144,Madaripur-2
145,Madaripur-3
146,Shariatpur-1
147,Shariatpur-2
148,Shariatpur-3
149,Meherpur-1
150,Meherpur-2
151,Kushtia-1
152,Kushtia-2
153,Kushtia-3
154,Kushtia-4
155,Chuadanga-1
156,Chuadanga-2
157,Jhenaidah-1
158,Jhenaidah-2
159,Jhenaidah-3
160,Jhenaidah-4
161,Jessore-1
162,Jessore-2
163,Jessore-3
164,Jessore-4
165,Jessore-5
166,Jessore-6
167,Magura-1
168,Magura-2
169,Narail-1
170,Narail-2
171,Bagerhat-1
172,Bagerhat-2
173,Bagerhat-3
174,Bagerhat-4
175,Khulna-1
176,Khulna-2
177,Khulna-3
178,Khulna-4
179,Khulna-5
180,Khulna-6
181,Satkhira-1
182,Satkhira-2
183,Satkhira-3
184,Satkhira-4
185,Joypurhat-1
186,Joypurhat-2
187,Bogra-1
188,Bogra-2
189,Bogra-3
190,Bogra-4
191,Bogra-5
192,Bogra-6
193,Bogra-7
194,Chapainawabganj-1
195,Chapainawabganj-2
196,Chapainawabganj-3
197,Naogaon-1
198,Naogaon-2
199,Naogaon-3
200,Naogaon-4
201,Naogaon-5
202,Naogaon-6
203,Rajshahi-1
204,Rajshahi-2
205,Rajshahi-3
206,Rajshahi-4
207,Rajshahi-5
208,Rajshahi-6
209,Natore-1
210,Natore-2
211,Natore-3
212,Natore-4
213,Sirajganj-1
214,Sirajganj-2
215,Sirajganj-3
216,Sirajganj-4
217,Sirajganj-5
218,Sirajganj-6
219,Pabna-1
220,Pabna-2
221,Pabna-3
222,Pabna-4
223,Pabna-5
224,Panchagarh-1
225,Panchagarh-2
226,Thakurgaon-1
227,Thakurgaon-2
228,Thakurgaon-3
229,Dinajpur-1
230,Dinajpur-2
231,Dinajpur-3
232,Dinajpur-4
233,Dinajpur-5
234,Dinajpur-6
235,Nilphamari-1
236,Nilphamari-2
237,Nilphamari-3
238,Nilphamari-4
239,Lalmonirhat-1
240,Lalmonirhat-2
241,Lalmonirhat-3
242,Rangpur-1
243,Rangpur-2
244,Rangpur-3
245,Rangpur-4
246,Rangpur-5
247,Rangpur-6
248,Kurigram-1
249,Kurigram-2
250,Kurigram-3
251,Kurigram-4
252,Gaibandha-1
253,Gaibandha-2
254,Gaibandha-3
255,Gaibandha-4
256,Gaibandha-5
257,Jamalpur-1
258,Jamalpur-2
259,Jamalpur-3
260,Jamalpur-4
261,Jamalpur-5
262,Sherpur-1
263,Sherpur-2
264,Sherpur-3
265,Mymensingh-1
266,Mymensingh-2
267,Mymensingh-3
268,Mymensingh-4
269,Mymensingh-5
270,Mymensingh-6
271,Mymensingh-7
272,Mymensingh-8
273,Mymensingh-9
274,Mymensingh-10
275,Mymensingh-11
276,Netrokona-1
277,Netrokona-2
278,Netrokona-3
279,Netrokona-4
280,Netrokona-5
281,Sunamganj-1
282,Sunamganj-2
283,Sunamganj-3
284,Sunamganj-4
285,Sunamganj-5
286,Sylhet-1
287,Sylhet-2
288,Sylhet-3
289,Sylhet-4
290,Sylhet-5
291,Sylhet-6
292,Moulvibazar-1
293,Moulvibazar-2
294,Moulvibazar-3
295,Moulvibazar-4
296,Habiganj-1
297,Habiganj-2
298,Habiganj-3
299,Habiganj-4
